"Title","Subtitle","Downloads"
"The Online World","Odd De Presno","2760"
"Scientific American Supplement, No. 433, April 19, 1884","Various","1438"
"Project Gutenberg ""10K"" DVD","N/A","1428"
"How it Works","Archibald Williams","1377"
"Scientific  American, Volume XXXVI., No. 8, February 24, 1877","Various","1303"
"Scientific  American, Volume XXIV., No. 12,  March 18, 1871","Various","1220"
"The Jargon File, Version 4.2.2, 20 Aug 2000","N/A","1066"
"The Boy Electrician","Alfred Powell Morgan","1065"
"Forty-Five Years of Digitizing Ebooks: Project Gutenberg's Practices","Gregory B. Newby","1033"
"The Pencil of Nature","William Henry Fox Talbot","980"
"Soap-Making Manual","Edgar George Thomssen","972"
"Creative Chemistry: Descriptive of Recent Achievements in the Chemical Industries","Edwin E. Slosson","944"
"Scientific American, Volume 40, No. 13, March 29, 1879","Various","934"
"Transactions of the American Society of Civil Engineers, vol. LXVIII, Sept. 1910","Benjamin Franklin Cresson","933"
"The Boy Mechanic, Book 2: 1000 Things for Boys to Do","N/A","891"
"Technology and Books for All","Marie Lebert","851"
"An Introduction to Machine Drawing and Design","David Allan Low","834"
"The Manufacture of Paper","R. W. Sindall","760"
"Scientific American, Vol. XXXVII.—No. 2. [New Series.], July 14, 1877","Various","742"
"How to Succeed as an Inventor","Goodwin Brooke Smith","738"
"Water Supply: the Present Practice of Sinking and Boring Wells","Ernest Spon","723"
"A Practical Treatise on Gas-light","Friedrich Christian Accum","713"
"The Boy Mechanic, Volume 1: 700 Things for Boys to Do","N/A","701"
"Nitro-Explosives: A Practical Treatise","P. Gerald Sanford","692"
"Practical Mechanics for Boys","James Slough Zerbe","666"
"The inventions, researches and writings of Nikola Tesla","Thomas Commerford Martin","665"
"Scientific American magazine Vol 2. No. 3 Oct 10 1846","Various","656"
"Electric Bells and All About Them: A Practical Book for Practical Men","Selimo Romeo Bottone","651"
"Jane's All the World's Aircraft. 1913","N/A","647"
"Le Dictionnaire du NEF (French)","Marie Lebert","645"
"Scientific American Supplement, No. 647,  May 26, 1888","Various","641"
"Chlorination of Water","Joseph Race","624"
"Scientific American Supplement, No. 841, February 13, 1892","Various","622"
"Big Dummy's Guide to the Internet","Electronic Frontier Foundation","609"
"The Food of the Gods","Brandon Head","599"
"The Internet and Languages [around the year 2000]","Marie Lebert","549"
"The Hacker Crackdown: Law and Disorder on the Electronic Frontier","Bruce Sterling","534"
"A handbook of laboratory glass-blowing","Bernard D. Bolas","529"
"Opportunities in Aviation","Arthur Sweetser and Gordon Lamont","528"
"Scientific American magazine, Vol. 2 Issue 1","Various","527"
"Three textile raw materials and their manufacture","International Acceptance Bank","519"
"John Deere's Steel Plow","Edward C. Kendall","518"
"The First Airplane Diesel Engine: Packard Model DR-980 of 1928","Robert B. Meyer","516"
"Scientific American Supplement, No. 443,  June 28, 1884","Various","494"
"Educational Toys","Louis Christian Petersen","493"
"Things To Make","Archibald Williams","484"
"Fireplaces and Chimneys","Arthur H. Senner and T. A. H. Miller","477"
"Henley's Twentieth Century Formulas, Recipes and Processes","N/A","451"
"Steam Engines","Anonymous","435"
"The Condition and Tendencies of Technical Education in Germany","Arthur Henry Chamberlain","427"
"Les mutations du livre (French)","Marie Lebert","419"
"The Working of Steel","Fred H. Colvin and K. A. Juthe","417"
"English-French and French-English dictionary of the motor car, cycle, and boat","Frederick Lucas","417"
"Opportunities in Engineering","Charles M. Horton","408"
"Acetylene, the Principles of Its Generation and Use","F. H. Leeds and W. J. Atkinson Butterfield","403"
"Illustrated Catalogue of Locomotives; Baldwin Locomotive Works","Baldwin Locomotive Works","393"
"The Wonder Book of Knowledge","N/A","393"
"Ancient Egyptian and Greek Looms","H. Ling Roth","388"
"The story of the invention of steel pens :  with a description of the manufacturing process by which they are produced","Henry Bore","387"
"Seasoning of Wood","J. B. Wagner","378"
"Motion Pictures of the Apollo 11 Lunar Landing","United States","375"
"The Traveling Engineers' Association to Improve the Locomotive Engine Service of American Railroads","Traveling Engineers' Association","372"
"Transactions of the American Society of Civil Engineers, Vol. LXVIII, Sept. 1910","Bertram Henry Majendie Hewett and W. L. Brown","370"
"The Report on Unidentified Flying Objects","Edward J. Ruppelt","367"
"Entretiens / Interviews / Entrevistas (Spanish) (French)","Marie Lebert","366"
"The Early History of the Airplane","Orville Wright and Wilbur Wright","362"
"An Analysis of the Lever Escapement","H. R. Playtner","359"
"The Jacquard Machine Analyzed and Explained","E. A. Posselt","359"
"The Romance of Modern Mechanism","Archibald Williams","350"
"Scientific American Supplement, No. 365, December 30, 1882","Various","337"
"Mariner Mission to Venus","Jet Propulsion Laboratory","332"
"Hackers, Heroes of the Computer Revolution. Chapters 1 and 2","Steven Levy","331"
"The Draughtsman's Handbook of Plan and Map Drawing","George G. André","331"
"Mechanics of the Household","E. S. Keene","328"
"Experiments with Alternate Currents of High Potential and High Frequency","Nikola Tesla","326"
"The Dyeing of Cotton Fabrics: A Practical Handbook for the Dyer and Student","Franklin Beech","326"
"Time and Its Measurement","James Arthur","325"
"Entretiens (1998-2001) (French)","Marie Lebert","323"
"Debian GNU/Linux : Guide to Installation and Usage","John Goerzen and Ossama Othman","314"
"Makers","Cory Doctorow","309"
"Project Gutenberg (1971-2008)","Marie Lebert","308"
"Measuring Tools","Unknown","305"
"Textiles, for Commercial, Industrial, and Domestic Arts Schools","William H. Dooley","303"
"The Practical Values of Space Exploration","United States. Congress. House. Committee on Science and Astronautics.","302"
"A Text-book of Tanning","H. R. Procter","302"
"Alcoholic Fermentation","Arthur Harden","301"
"Underground: Hacking, madness and obsession on the electronic frontier","Suelette Dreyfus","298"
"Six Cups of Coffee","Marion Harland, Maria Parloa, Helen Campbell, Mary J. Lincoln, Catherine Owen, Juliet Corson, and Hester M. Poole","294"
"Paper-Cutting Machines","Jr. Niel Gray","293"
"Frye's Practical Candy Maker","George V. Frye","292"
"Electricity for Boys","James Slough Zerbe","292"
"Mechanics: The Science of Machinery","A. Russell Bond","289"
"Mechanical Drawing Self-Taught","Joshua Rose","287"
"Terminal Compromise","Winn Schwartau","283"
"The Jargon File, Version 2.9.10, 01 Jul 1992","N/A","274"
"The World of Flying Saucers: A Scientific Examination of a Major Myth of the Space Age","Donald H. Menzel and Lyle Gifford Boyd","274"
"A Course In Wood Turning","Archie Seldon Milton and Otto K. Wohlers","266"
"Handwork in Wood","William Noyes","263"
"The Flying Saucers are Real","Donald E. Keyhoe","262"
"Transactions of the American Society of Civil Engineers, vol. LXVIII, Sept. 1910","James H. Brace, Francis Mason, and S. H. Woodard","262"
"The Chemistry of Hat Manufacturing","Watson Smith","259"
"Human Foods and Their Nutritive Value","Harry Snyder","258"
"Steam, Its Generation and Use","Babcock & Wilcox Company","255"
"Elements of Plumbing","Samuel Edward Dibble","253"
"The Library of Work and Play: Mechanics, Indoors and Out","Fred. T. Hodgson","248"
"A Short History of EBooks","Marie Lebert","244"
"The Use of Ropes and Tackle","Homer J. Dana and W. A. Pearl","242"
"Bromide Printing and Enlarging","John A. Tennant","242"
"On the Origin of Clockwork, Perpetual Motion Devices, and the Compass","Derek J. de Solla Price","240"
"The Dwelling House","George Vivian Poore","240"
"Hawkins Electrical Guide v. 08 (of 10)","N. Hawkins","236"
"The Progress of Invention in the Nineteenth Century.","Edward W. Byrn","232"
"The History of the Telephone","Herbert Newton Casson","228"
"Hitchhiker's Guide to the Internet","Ed Krol","228"
"Instruction for Using a Slide Rule","W. Stanley","228"
"Rustic Carpentry","N/A","225"
"Popular Technology; or, Professions and Trades. Vol. 1 (of 2)","Edward Hazen","224"
"Manual Training Toys for the Boy's Workshop","Harris W. Moore","223"
"Harrods for Everything","Harrods Ltd.","223"
"The Radio Amateur's Hand Book","A. Frederick Collins","219"
"Motors","James Slough Zerbe","219"
"Letters of a Radio-Engineer to His Son","John Mills","217"
"Diggers in the Earth","Eva March Tappan","215"
"Inventions in the Century","William Henry Doolittle","213"
"Practical Hand Book of Gas, Oil and Steam Engines","John B. Rathbun","213"
"Handbook of Railroad Construction; For the use of American engineers.","George L. Vose","212"
"How to Become an Engineer","Frank W. Doughty","212"
"The Real Cyberpunk Fakebook","St. Jude, R. U. Sirius, and Bart Nagel","209"
"Aviation Engines: Design—Construction—Operation and Repair","Victor Wilfred Pagé","208"
"Stories of Great Inventors","Hattie E. Macomber","208"
"A Manual of Shoemaking and Leather and Rubber Products","William H. Dooley","206"
"The Evolution of Photography","active 1854-1890 John Werge","206"
"Workshop on Electronic Texts: Proceedings, 9-10 June 1992","Library of Congress","204"
"Zen and the Art of the Internet","Brendan P. Kehoe","203"
"Boys' Second Book of Inventions","Ray Stannard Baker","201"
"Coal, and What We Get from It","Raphael Meldola","201"
"Del libro impreso al libro digital (Spanish)","Marie Lebert","200"
"The beginnings of cheap steel","Philip W. Bishop","198"
"Booknology: The eBook (1971-2010)","Marie Lebert","197"
"The American Printer: A Manual of Typography","Thomas MacKellar","197"
"The History and Practice of the Art of Photography","Henry Hunt Snelling","196"
"Paper-bag Cookery","Countess Vera Serkoff","195"
"A Practical Handbook on the Distillation of Alcohol from Farm Products","F. B. Wright","194"
"Venus Equilateral","George O. Smith","193"
"Photographic Amusements, Ninth Edition","Walter E. Woodbury","192"
"A Dictionary of Arts, Manufactures and Mines","Andrew Ure","192"
"American Hand Book of the Daguerreotype","S. D. Humphrey","190"
"The 'Pioneer': Light Passenger Locomotive of 1851","John H. White","190"
"Electric Transmission of Water Power","Alton D. Adams","190"
"Seattle Car & Foundry Company, Catalogue No. 3, December, 1913","Seattle Car and Foundry Company","189"
"The web, a multilingual encyclopedia","Marie Lebert","186"
"The gunsmith's manual :  A complete handbook for the American gunsmith, being a practical guide to all branches of the trade","J. Parish Stelle and Wm. B. Harrison","185"
"Scientific American Supplement, No. 483, April 4, 1885","Various","185"
"Cooley's Cyclopædia of Practical Receipts and Collateral Information in the Arts, Manufactures, Professions, and Trades..., Sixth Edition, Volume I","Arnold James Cooley and Richard Vine Tuson","184"
"Dictionary of Explosives","Arthur Marshall","184"
"The Silicon Jungle","David H. Rothman","183"
"The Lady's Album of Fancy Work for 1850","Unknown","182"
"ABC of the Steel Square and Its Uses","Fred. T. Hodgson","180"
"The Story of the Pullman Car","Joseph Husband","180"
"The Romance of Modern Invention","Archibald Williams","180"
"Carpentry and Woodwork","Edwin W. Foster","179"
"Making Your Camera Pay","Frederick C. Davis","179"
"Les langues sur le web (French)","Marie Lebert","178"
"Concrete Construction: Methods and Costs","Halbert Powers Gillette and Charles Shattuck Hill","178"
"The Modern Railroad","Edward Hungerford","175"
"L'Internet et les langues (French)","Marie Lebert","174"
"Surfing the Internet: An Introduction","Jean Armour Polly","174"
"On Laboratory Arts","Richard Threlfall","173"
"The Modern Clock","Ward L. Goodrich","173"
"Farm Engines and How to Run Them: The Young Engineer's Guide","James H. Stephenson","173"
"The manufacture of mineral and lake pigments :  Containing directions for the manufacture of all artificial artists' and painters' colours, enamel colours, soot and metallic pigments","Josef Bersch","172"
"Is a Ship Canal Practicable?","S. T. Abert","172"
"Photogravure","Henry R. Blaney","171"
"How to Install Electric Bells, Annunciators, and Alarms.","Norman H. Schneider","171"
"Naturalistic Photography for Students of the Art.","P. H. Emerson","171"
"The calculating engine","Charles Babbage","170"
"Computers—the machines we think with","D. S. Halacy","169"
"Army Pulse Radiation Facility","U.S. Army Ballistic Research Laboratory","169"
"Appletons' Popular Science Monthly, March 1900","Various","166"
"A Manual of Mending and Repairing; With Diagrams","Charles Godfrey Leland","166"
"An embroidery book","Anne Knox Arthur","165"
"Scientific American Supplement, No. 711, August 17, 1889","Various","165"
"Pictorial Photography in America 1922","Pictorial Photographers of America","164"
"NetWorld! What People Are Really Doing on the Internet and What It Means to You","David H. Rothman","164"
"Making Tin Can Toys","Edward Thatcher","163"
"The Auburndale Watch Company :  first American attempt toward the dollar watch","Edwin A. Battison","163"
"Turning and Boring","Franklin Day Jones","163"
"Giant brains; or, Machines that think","Edmund Callis Berkeley","163"
"A History of Inventions, Discoveries, and Origins, Volume 2 (of 2)","Johann Beckmann","162"
"Scientific American Supplement, No. 623, December 10, 1887","Various","162"
"Flying Machines: Construction and Operation","William J. Jackman, Thomas Herbert Russell, and Octave Chanute","161"
"Marvel Carbureter and Heat Control","Anonymous","161"
"Pictorial Photography in America 1920","Pictorial Photographers of America","159"
"Federal Bureau of Investigation FOIA Documents - Unidentified Flying Objects","United States. Federal Bureau of Investigation","159"
"A Brief History of the Internet","Michael Hart and Maxwell Fuller","159"
"Steam Turbines","Hubert E. Collins","158"
"The eBook is 40 (1971-2011)","Marie Lebert","158"
"Gas-Engines and Producer-Gas Plants","Rodolphe Edgard Mathot","157"
"IBM 1401 Programming Systems","Anonymous","157"
"The Romance of Rubber","United States Rubber Company","157"
"The evolution of the steam locomotive (1803 to 1898)","George Augustus Nokes","156"
"Hawkins Electrical Guide v. 04 (of 10)","N. Hawkins","155"
"Bird Houses Boys Can Build","Albert Frederick Siepert","155"
"Laboratory Manual of Glass-Blowing","Francis C. Frary","154"
"Modern Machine-Shop Practice, Volumes I and II","Joshua Rose","153"
"D.C. Powered Timing Light Model 161.2158 for 12 Volt Ignition Systems","Roebuck and Company Sears","153"
"Home-made Toy Motors","Alfred Powell Morgan","152"
"Essex Terraplane Six 1933 Owner's Manual of Information","Hudson Motor Car Company","152"
"Hawkins Electrical Guide v. 01 (of 10)","N. Hawkins","152"
"Scientific American, Vol. XLIII.—No. 1. [New Series.], July 3, 1880","Various","151"
"Scientific American Supplement, No. 664, September 22,1888","Various","151"
"Electricity for the farm","Frederick Irving Anderson","150"
"The Radio Amateur's Hand Book","A. Frederick Collins","150"
"The Chemistry of Cookery","W. Mattieu Williams","150"
"Pumps and Hydraulics, Part 1 (of 2)","N. Hawkins","148"
"The Romance of Industry and Invention","N/A","148"
"The Fireless Cook Book","Margaret Johnes Mitchell","148"
"The Classification of Patents","United States. Patent Office","146"
"Scientific American Supplement, No. 388, June 9, 1883","Various","146"
"The Project Gutenberg RST Manual","Marcello Perathoner","146"
"A text-book of assaying :  for the use of those connected with mines.","C. Beringer and J. J. Beringer","145"
"Illustrated Science for Boys and Girls","Anonymous","145"
"Fences, Gates and Bridges: A Practical Manual","N/A","144"
"Scientific  American, Volume XLIII., No. 25, December 18, 1880","Various","144"
"Transactions of the American Society of Civil Engineers, vol. LXVIII, Sept. 1910","Charles M. Jacobs","144"
"The Labour-saving House","Mrs. C. S. Peel","143"
"Friction, Lubrication and the Lubricants in Horology","W. T. Lewis","143"
"English and American tool builders","Joseph Wickham Roe","142"
"Una corta historia del eBook (Spanish)","Marie Lebert","141"
"El Internet y los idiomas [alrededor del año 2000] (Spanish)","Marie Lebert","141"
"A Treatise on Bread, and Bread-making","Sylvester Graham","141"
"The boy mechanic, book 3 :  800 things for boys to do","N/A","140"
"The Principles of Leather Manufacture","H. R. Procter","139"
"The Aeroplane Speaks. Fifth Edition","H. Barber","139"
"How To Build A 20-Foot Bi-Plane Glider","Alfred Powell Morgan","139"
"Railway Construction","William Hemingway Mills","139"
"El ebook tiene 40 años (1971-2011) (Spanish)","Marie Lebert","139"
"Handbuch der praktischen Kinematographie (German)","Franz Paul Liesegang","138"
"Samuel F. B. Morse, His Letters and Journals","Samuel Finley Breese Morse","138"
"Cyclopedia of Telephony and Telegraphy, Vol. 1","American School of Correspondence","138"
"The Invention of the Track Circuit","American Railway Association","137"
"The Dyeing of Woollen Fabrics","Franklin Beech","137"
"From Immigrant to Inventor","Michael Pupin","137"
"Multilingualism on the Web","Marie Lebert","136"
"Introduction of the Locomotive Safety Truck","John H. White","136"
"Development of the Phonograph at Alexander Graham Bell's Volta Laboratory","Leslie J. Newville","134"
"The engineer's sketch-book of mechanical movements, devices, appliances, contrivances and details employed in the design and construction of machinery for every purpose :  classified & arranged for reference for the use of engineers, mechanical draughtsmen, managers, mechanics, inventors, patent agents, and all engaged in the mechanical arts","Thomas Walter Barber","134"
"Le tour de France en aéroplane (French)","H. de Graffigny","134"
"The Dawn of Amateur Radio in the U.K. and Greece: A Personal View","Norman F. Joly","134"
"Wireless Telegraph Construction For Amateurs","Alfred Powell Morgan","133"
"TrendSiters Digital Content and Web Technologies","Samuel Vaknin","132"
"Copper Work: A Text Book for Teachers and Students in the Manual Arts","Augustus F. Rose","132"
"The 1893 Duryea Automobile In the Museum of History and Technology","Donald H. Berkebile","131"
"Model aeroplanes","F. J. Camm","131"
"The Modern Bicycle and Its Accessories","Alex Schwalbach and Julius Wilcox","131"
"Scientific American, Vol. XXXIX.No. 6. [New Series.], August 10, 1878","Various","131"
"How It Flies; or, The Conquest of the Air","Richard Ferris","130"
"The Automobile Storage Battery: Its Care And Repair","Otto A. Witte","130"
"Marvels of Scientific Invention","Thomas W. Corbin","129"
"How to Draw a Straight Line: A Lecture on Linkages","A. B. Kempe","129"
"Scientific American Supplement, No. 514, November 7, 1885","Various","129"
"Booknologie: Le livre numérique (1971-2010) (French)","Marie Lebert","129"
"Appletons' Popular Science Monthly, February 1899","Various","129"
"The Popular Science Monthly, October, 1900","Various","129"
"Le Livre 010101: Enquête (French)","Marie Lebert","128"
"The Birth and Babyhood of the Telephone","Thomas Augustus Watson","128"
"Elementary woodworking","Edwin W. Foster","128"
"Free as in Freedom: Richard Stallman's Crusade for Free Software","Sam Williams","128"
"Lives of Boulton and Watt. Principally from the Original Soho Mss.","Samuel Smiles","128"
"Hemp Hurds as Paper-Making Material","Lyster H. Dewey and Jason L. Merrill","127"
"Keely and His Discoveries: Aerial Navigation","Mrs. Bloomfield H. Moore","127"
"Home Canning of Fruits and Vegetables","United States. Agricultural Research Service. Human Nutrition Research Division","126"
"Aeroplane Construction and Operation","John B. Rathbun","126"
"Table traits, with something on them","Dr. Doran","126"
"Screw-Thread Cutting by the Master-Screw Method since 1480","Edwin A. Battison","126"
"Kodaks and Kodak Supplies, 1914","Canadian Kodak Company","126"
"Home Canning of Fruits and Vegetables","United States. Agricultural Research Service. Human Nutrition Research Division","126"
"Appletons' Popular Science Monthly, April 1900","Various","124"
"The New York Subway, Its Construction and Equipment","Interborough Rapid Transit Company","124"
"O odkryciach i wynalazkach (Polish)","Bolesław Prus","123"
"Carpentry","Ira Samuel Griffith","122"
"The Introduction of Self-Registering Meteorological Instruments","Robert P. Multhauf","122"
"Automobiles","James Slough Zerbe","121"
"Spool Knitting","Mary A. McCormack","121"
"The BYU Solar Cooker/Cooler","Steven E. Jones","121"
"Printing in Relation to Graphic Art","George French","120"
"Your 1952 Champion Owner's Guide","Studebaker Corporation","120"
"The boys' life of Edison","Wm. H. Meadowcroft","119"
"Photographic Reproduction Processes","Peter C. Duchochois","119"
"NREN for All: Insurmountable Opportunity","Jean Armour Polly","119"
"Premo Cameras, 1914","Canadian Kodak Company","119"
"Pictorial Photography in America 1921","Pictorial Photographers of America","119"
"The Petrol Engine","Francis John Kean","119"
"The automobile owner's guide","Frank B. Scholl","118"
"The Feasts of Autolycus: The Diary of a Greedy Woman","Elizabeth Robins Pennell","118"
"From Paper-mill to Pressroom","William Bond Wheelwright","117"
"Photography in the Studio and in the Field","Edward M. Estabrooke","117"
"Le web, une encyclopédie multilingue (French)","Marie Lebert","117"
"Scientific American Supplement, No. 633,  February 18, 1888","Various","117"
"Las tecnologías y el libro para todos (Spanish)","Marie Lebert","117"
"Color mixing guide","John L. King","116"
"Balloons, Airships, and Flying Machines","Gertrude Bacon","116"
"The Theory and Practice of Model Aeroplaning","V. E. Johnson","116"
"Our Knowledge Box; or, Old Secrets and New Discoveries.","Unknown","116"
"Soldering, Brazing and Welding","N/A","115"
"Heroes of the Telegraph","John Munro","115"
"Transactions of the American Society of Civil Engineers, Vol. LXX, December, 1910","American Society of Civil Engineers","115"
"Scientific American, Volume 22, No. 1, January 1, 1870","Various","115"
"Making a Fireplace","Henry H. Saylor","114"
"The Aeroplane Speaks","H. Barber","114"
"Hawkins Electrical Guide v. 02 (of 10)","N. Hawkins","114"
"The Secret Guide to Computers","Russ Walter","113"
"E-mail 101","John E. Goodwin","113"
"Building and Flying an Aeroplane","Charles B. Hayward","113"
"The Young Mechanic","James Lukin","112"
"The Railway Conquest of the World","Frederick Arthur Ambrose Talbot","111"
"Flying Machines Today","William D. Ennis","111"
"Fire prevention and fire extinction","James Braidwood","111"
"Watch and Clock Escapements","Anonymous","111"
"Radio Shack TRS-80 Expansion Interface: Operator's Manual","Anonymous","111"
"The Scholfield Wool-Carding Machines","Grace Rogers Cooper","111"
"The filtration of public water-supplies","Allen Hazen","110"
"La web, una enciclopedia multilingüe (Spanish)","Marie Lebert","110"
"Oxy-Acetylene Welding and Cutting","Harold P. Manly","110"
"The Barnet Book of Photography: A Collection of Practical Articles","Various","110"
"The filtration of public water-supplies","Allen Hazen","110"
"Les technologies et le livre pour tous (French)","Marie Lebert","110"
"Scientific American Supplement, No. 821, September 26, 1891","Various","109"
"Scientific American, Vol. XXXIX.—No. 24. [New Series.], December 14, 1878","Various","109"
"Scientific American, Volume 56, No. 9, February 26, 1887","Various","109"
"The Production of Vinegar from Honey","Gerard W. Bancks","108"
"Cooley's Cyclopædia of Practical Receipts and Collateral Information in the Arts, Manufactures, Professions, and Trades..., Sixth Edition, Volume II","Arnold James Cooley and Richard Vine Tuson","108"
"Lightning Conductors: Their History, Nature, and Mode of Application","F.C.S. Richard Anderson","108"
"The Steam Engine Explained and Illustrated (Seventh Edition)","Dionysius Lardner","108"
"Metal Spinning","C. Tuells and William A. Painter","107"
"Photo-engraving, Photo-etching and Photo-lithography in Line and Half-tone","W. T. Wilkinson","107"
"Pigments, Paint and Painting: A practical book for practical men","George Terry","107"
"History of the American Clock Business for the Past Sixty Years, and Life of Chauncey Jerome","Chauncey Jerome","106"
"Le livre, de l'imprimé au numérique (French)","Marie Lebert","106"
"Gasoline and Oil Stoves, ""New Process"" and ""Standard."" 1901","Standard Lighting Company","106"
"Essentials of woodworking :  A textbook for schools","Ira Samuel Griffith","106"
"Scientific American Supplement, No. 360, November 25, 1882","Various","105"
"Time and Time-Tellers","active 1857-1887 James W. Benson","105"
"On-Line Data-Acquisition Systems in Nuclear Physics, 1969","National Research Council . Ad Hoc Panel on On-line Computers in Nuclear Research","105"
"Great Inventions and Discoveries","Willis Duff Piercy","105"
"Soup and Soup Making","Emma P. Ewing","105"
"Scientific American Supplement, No. 344, August 5, 1882","Various","105"
"Lessons in Wireless Telegraphy","Alfred Powell Morgan","104"
"Acids, Alkalis and Salts","George Henry Joseph Adlam","104"
"Tube, Train, Tram, and Car; or, Up-to-date locomotion","Arthur H. Beavan","104"
"Magic Shadows: The Story of the Origin of Motion Pictures","Martin Quigley","104"
"On the Economy of Machinery and Manufactures","Charles Babbage","104"
"Glue, gelatine, animal charcoal, phosphorous, cements, pastes and mucilages :  comprising the raw materials and manufacture of skin and bone glue, different varieties of glue, animal charcoal, phosphorus, gelatine and products prepared from it; isinglass and fish-glue, methods of testing glue and gelatine, and the preparation and application of cements, pastes and mucilages for use in the workshop, laboratory, and office","F. Dawidowsky","104"
"Acids, Alkalis and Salts","George Henry Joseph Adlam","104"
"Inventors & Inventions","Henry Robinson","103"
"Computers on the Farm","Deborah Takiff Smith","103"
"Common-Sense Papers on Cookery","A. G. Payne","103"
"The story of paper-making :  an account of paper-making from its earliest known record down to the present time","Frank Osgood Butler","103"
"Appletons' Popular Science Monthly, December 1898","Various","103"
"Scientific American Supplement No. 819, September 12, 1891","Various","103"
"The Project Gutenberg Web Pages","Project Gutenberg","102"
"Digital PDP15 Price List, April, 1970","Digital Equipment Corporation","102"
"Elements of woodwork","Charles A. King","102"
"The Scientific Monthly, October to December, 1915","Various","102"
"Garment cutting in the twentieth century :  Consisting of a series of articles on garment cutting and making","Günther F. Hertzer","102"
"Experimental glass blowing for boys","Carleton John Lynde","101"
"The Young Wireless Operator—As a Fire Patrol","Lewis E. Theiss","101"
"Practical Cinematography and Its Applications","Frederick Arthur Ambrose Talbot","101"
"The life of Isambard Kingdom Brunel, Civil Engineer","Isambard Brunel","101"
"How to Make Electrical Machines","R. A. R. Bennett","101"
"How to make rugs","Candace Wheeler","101"
"What Every Housewife Should Know About Electric Cooking (1945)","General Motors Corporation. Frigidaire Division","100"
"Appletons' Popular Science Monthly, April 1899","Various","100"
"Philipp Reis: Inventor of the Telephone","Silvanus P. Thompson","100"
"The story of rope :  The history and the modern development of rope-making","Plymouth Cordage Company","99"
"The instinct of workmanship, and the state of industrial arts","Thorstein Veblen","99"
"Stories of Inventors: The Adventures of Inventors and Engineers","Russell Doubleday","99"
"The Pyrotechnist's Treasury; Or, Complete Art of Making Fireworks","Thomas Kentish","99"
"Steam Shovels and Steam Shovel Work","Edward Adolph Hermann","99"
"The story of rope :  The history and the modern development of rope-making","Plymouth Cordage Company","99"
"Home labor saving devices","Rhea C. Scott","99"
"Home-made Electrical Apparatus","Alfred Powell Morgan","99"
"A New Century of Inventions","James White","98"
"Paint & Colour Mixing","Arthur Seymour Jennings","98"
"Appletons' Popular Science Monthly, November 1898","Various","97"
"USAF Fact Sheet 95-03","United States. Air Force","97"
"The Art and Practice of Silver Printing","H. P. Robinson and Sir William de Wiveleslie Abney","97"
"Piece Goods Manual","A. E. Blanco","97"
"Condiments, Spices and Flavors","Mary Elizabeth Green","97"
"Scientific American Supplement, No. 484, April 11, 1885","Various","96"
"The Valuation of Public Service Corporation Property","Henry Earle Riggs","96"
"Flat Machine Knitting and Fabrics","H. D. Buck","96"
"A Text-book of Paper-making","C. F. Cross and E. J. Bevan","96"
"Railway Shop Up to Date","N/A","95"
"Shafting, Pulleys, Belting and Rope Transmission","Hubert E. Collins","95"
"Transactions of the American Society of Civil Engineers, Vol. LXVIII, Sept. 1910","E. B. Temple","95"
"Hints on the Use and Handling of Firearms Generally, and the Revolver in Particular","H. Onslow Curling","95"
"Une courte histoire de l'eBook (French)","Marie Lebert","95"
"Hephæstus :  or, The soul of the machine","E. E. Fournier d'Albe","95"
"Printing Telegraphy... A New Era Begins","Edward E. Kleinschmidt","94"
"A Catechism of the Steam Engine","C. E. John Bourne","94"
"Manufacturing Cost Data on Artificial Ice","Otto Luhr and Herman Friedl","94"
"A Rudimentary Treatise on Clocks, Watches and Bells","Baron Edmund Beckett Grimthorpe","94"
"Printing Telegraphy... A New Era Begins","Edward E. Kleinschmidt","94"
"Rudimentary Treatise on the Construction of Locks","George Dodd and A. C. Hobbs","94"
"Elementary Course in Woodwork","George Alexander Ross","94"
"Modern Copper Smelting","Donald M. Levy","93"
"Discoveries and Inventions of the Nineteenth Century","Robert Routledge","93"
"La Cryptographie, ou, l'art d'écrire en chiffres (French)","P. L. Jacob","93"
"The modern packing house :  A complete treatise on the design, construction, equipment and operation of meat packing houses, according to present American praactice, including methods of converting by-products into commercial articles","F. W. Wilder","92"
"Illustrated Catalogue of  Cotton Machinery","Howard & Bullough American Machine Company","92"
"Aeroplane construction :  A handbook on the various methods and details of construction employed in the building of aeroplanes","Sydney Camm","92"
"Every-day Science: Volume 6. The Conquest of Nature","Henry Smith Williams and Edward Huntington Williams","91"
"The Library of Work and Play: Working in Metals","Charles Conrad Sleffel","91"
"Scientific American Supplement, No. 561, October 2, 1886","Various","91"
"Electricity","W. H. McCormick","91"
"Wireless Telegraphy and Telephony Simply Explained","Alfred Powell Morgan","91"
"Cutting and draping :  a practical handbook for upholsterers and decorators","John W. Stephenson","91"
"Up in the Clouds: Balloon Voyages","R. M. Ballantyne","91"
"Inventors","Philip Gengembre Hubert","90"
"Lasers","Hal Hellman","90"
"Model Flying Machines","Alfred Powell Morgan","90"
"A System of Easy Lettering","John Howard Cromwell","90"
"Gas and Petroleum Engines","H. de Graffigny","90"
"The Open Library","Brewster Kahle","90"
"The Silversmith's Handbook","George E. Gee","90"
"The Lathe & Its Uses","James Lukin","89"
"U.S. Patent 4,293,314: Gelled Fuel-Air Explosive","Bertram O. Stull","89"
"The Boy's Book of Industrial Information","Elisha Noyce","89"
"A Story of the Telegraph","John Murray","89"
"Collotype and Photo-lithography","Julius Schnauss","89"
"The Earliest Electromagnetic Instruments","Robert A. Chipman","89"
"The Mastery of the Air","William J. Claxton","89"
"La Vettura Automobile: sue parti - suo funzionamento (Italian)","Alamanno De Maria","89"
"Hawkins Electrical Guide v. 06 (of 10)","N. Hawkins","89"
"Scientific American Supplement, No. 488, May 9, 1885","Various","88"
"Cheating the Junk-Pile: The Purchase and Maintenance of Household Equipments","Ethel R. Peyser","88"
"An Illustrated Directory of the Specifications of All Domestic and Foreign Motor-cars and Motor Business Wagons, Gasoline, Steam and Electric, Sold in This Country, 1907","the automotive business magazine Motor","88"
"The Evolution of Modern Band Saw Mills for Sawing Logs","D. Clint Prescott","88"
"Non-technical chats on iron and steel, and their application to modern industry","La Verne W. Spring","88"
"Scientific American Supplement, No. 384, May 12, 1883","Various","88"
"Precision locating and dividing methods","Anonymous","88"
"Records of Steam Boiler Explosions","Edward Bindon Marten","88"
"Great Facts","Frederick C. Bakewell","87"
"Verklaring van het stoomwerktuig (Dutch)","N/A","87"
"Origin of modern calculating machines","J. A. V. Turck","87"
"Scientific American Supplement, No. 795, March 28, 1891","Various","87"
"Every-day Science: Volume 7. The Conquest of Time and Space","Henry Smith Williams and Edward Huntington Williams","87"
"Forge Work","William L. Ilgen","87"
"Hawkins Electrical Guide v. 03 (of 10)","N. Hawkins","87"
"The Boy's Book of New Inventions","Harry E. Maule","87"
"Motor-car principles; the gasoline automobile","Roger B. Whitman","86"
"Preliminary Specifications: Programmed Data Processor Model Three (PDP-3)","Digital Equipment Corporation","86"
"À terre & en l'air... (French)","Félix Nadar","86"
"QREAD, Etext Reader for Windows","Dan Scavezze","86"
"Petroleum","Albert Lidgett","86"
"How to Use and Enjoy Your New Frigidaire Refrigerator","General Motors Corporation. Frigidaire Division","86"
"How to Enamel","Howard M. Chapin","86"
"Ford Manual for Owners and Operators of Ford Cars and Trucks (1919)","Ford Motor Company","86"
"Die Technik der Lastenförderung einst und jetzt (German)","Otto Kammerer","86"
"Ebooks: Neither E, Nor Books","Cory Doctorow","86"
"Instructions on Modern American Bridge Building","G. B. N. Tower","86"
"Standard Paper-Bag Cookery","Emma Paddock Telford","85"
"The deadly thinkers","William Gray Beyer","85"
"Sewage Disposal Works: Their Design and Construction","William Charles Easdale","85"
"Scientific American Supplement, No. 286, June 25, 1881","Various","85"
"Modern Cotton Spinning Machinery, Its Principles and Construction","Joseph Nasmith","85"
"Pumps and Hydraulics, Part 2 (of 2)","N. Hawkins","85"
"Harness making","N/A","85"
"Maxims and Instructions for the Boiler Room","N. Hawkins","85"
"Lectures on Ventilation","Lewis W. Leeds","85"
"A Course of Lectures on the Principles of Domestic Economy and Cookery","Juliet Corson","85"
"A Treatise on Staff Making and Pivoting","Eugene Edward Hall","84"
"Time and Clocks: A Description of Ancient and Modern Methods of Measuring Time","Sir Henry H. Cunynghame","84"
"The Library of Work and Play: Guide and Index","Cheshire Lowton Boone","84"
"Learn to Invent, First Steps for Beginners Young and Old","Samuel Evans Clark","84"
"From the Print Media to the Internet","Marie Lebert","84"
"Engineers and their triumphs","F. M. Holmes","84"
"Transactions of the American Society of Civil Engineers, vol. LXVIII, Sept. 1910","George C. Clarke","84"
"Transactions of the American Society of Civil Engineers, vol. LXX, Dec. 1910","Ralph C. Taggart","84"
"Airplane Photography","Herbert Eugene Ives","84"
"The Telephone","A. E. Dolbear","83"
"The History of Ink, Including Its Etymology, Chemistry, and Bibliography","Thaddeus Davids","83"
"Marvels of Modern Science","Paul Severing","83"
"Samuel F. B. Morse, His Letters and Journals","Samuel Finley Breese Morse","83"
"My Airships; The Story of My Life","Alberto Santos-Dumont","83"
"American Inventions and Inventors","William A. Mowry and Arthur May Mowry","83"
"Earthwork Slips and Subsidences upon Public Works","John Newman","83"
"Practical forging and art smithing","Thomas F. Googerty","82"
"The Second Boys' Book of Model Aeroplanes","Francis A. Collins","82"
"Illustrations of the Croton Aqueduct","F. B. Tower","82"
"Das lebende Lichtbild: Entwicklung, Wesen und Bedeutung des Kinematographen (German)","Franz Paul Liesegang","82"
"Hertzian Wave Wireless Telegraphy","Sir J. A. Fleming","82"
"L'ebook a 40 ans (1971-2011) (French)","Marie Lebert","82"
"Scientific American Supplement, No. 460, October 25, 1884","Various","82"
"Transactions of the American Society of Civil Engineers, Vol. LXVIII, Sept. 1910","Alfred Noble","82"
"Vision by radio, radio photographs, radio photograms","C. Francis Jenkins","81"
"Primary Handwork","Ella Victoria Dobbs","81"
"The Mentor: Photography, Vol. 6, Num. 12, Serial No. 160, August 1, 1918","Paul Anderson","81"
"A Historical Account of Useful Inventions and Scientific Discoveries","George Grant","81"
"Lead Smelting and Refining, With Some Notes on Lead Mining","N/A","81"
"Tinting and toning of Eastman positive motion picture film :  Second edition—revised","Eastman Kodak Company","81"
"The British Journal of Photography, No. 613, Vol. XIX, February 2, 1872","Various","80"
"Designs for Crazy Daisy Winder :  Crochet Time Cut in Half","Esther Parnell Hewlett","80"
"Aeroplanes","James Slough Zerbe","80"
"Transactions of the American Society of Civil Engineers, Vol. LXX, Dec. 1910","B. S. Randolph","80"
"Interviews (1998-2001)","Marie Lebert","80"
"Scientific American Supplement, No. 520, December 19, 1885","Various","80"
"Young Engineer's Guide","J. V. Rohan","80"
"Automata Old and New","Conrad William Cooke","80"
"A Manual of Photographic Chemistry, Including the Practice of the Collodion Process","T. Frederick Hardwich","80"
"The Preparation of Plantation Rubber","Sidney Morgan","80"
"Inventing for Boys","A. Frederick Collins","79"
"Flying the Atlantic in Sixteen Hours","Sir Arthur Whitten Brown","79"
"The glue book :  How to select, prepare and use glue","J. A. Taggart","79"
"La maniere d'amolir les os, et de faire cuire toutes sortes de viandes en fort peu de temps, & à peu de frais. (French)","Denis Papin","79"
"Color Cement Handicraft","Pedro J. Lemos and Reta A. Lemos","79"
"Scientific American Supplement, No. 643,  April 28, 1888","Various","79"
"The Methods of Glass Blowing and of Working Silica in the Oxy-Gas Flame","W. A. Shenstone","79"
"Papierprüfung: Eine Anleitung zum Untersuchen von Papier (German)","Wilhelm Herzberg","78"
"Harper's indoor book for boys","Joseph H. Adams","78"
"The consumer viewpoint :  covering vital phases of manufacturing and selling household devices","Mildred Maddocks Bentley","78"
"Scientific American Supplement, No. 1082, September 26, 1896","Various","78"
"The Anatomy of Bridgework","William Henry Thorpe","77"
"Applied Design for Printers","Harry Lawrence Gage","77"
"Glass and Glass Manufacture","Percival Marson","77"
"Scientific American Supplement, No. 467, December 13, 1884","Various","77"
"IBM System 360 RPG Debugging Template and Keypunch Card","Anonymous","77"
"The manufacture of earth colours :  With thirty-one illustrations","Josef Bersch","76"
"Elastic and non-elastic narrow fabrics","Samuel Brown","76"
"A boy's text book on gas engines :  a book for boys describing and explaining in simple language the automobile gas engine","Fay Leone Faurote","76"
"Diamonds","William Crookes","76"
"The Pneumatic Despatch Tube System of the Batcheller Pneumatic Tube Co.","Birney C. Batcheller","76"
"History of the Transformer","Friedrich Uppenborn","76"
"Scientific American Supplement, No. 458, October 11, 1884","Various","76"
"Experiments on the Spoilage of Tomato Ketchup","A. W. Bitting","76"
"How to Make a Shoe","John Parker Headley","76"
"Home-made cider vinegar","Walter G. Sackett","76"
"Painting by Immersion and by Compressed Air: A Practical Handbook","Arthur Seymour Jennings","75"
"Le Téléphone, le Microphone et le Phonographe (French)","comte Th. Du Moncel","75"
"Survival at Altitude for Heavy and Very Heavy Bomber Crews","2nd. Altitude Indoctrination Unit United States. Army Air Forces. Air Force","75"
"Scientific American Supplement, No. 415, December 15, 1883","Various","75"
"Young's Demonstrative Translation of Scientific Secrets","Daniel Young","75"
"Scientific American Supplement, No. 446, July 19, 1884","Various","75"
"Scientific American Supplement, No. 401, September 8, 1883","Various","75"
"Cyclopedia of Telephony and Telegraphy, Vol. 2","American School of Correspondence","74"
"Electricity in Locomotion","Adam Gowens Whyte","74"
"Rough and Tumble Engineering","James H. Maggard","74"
"The Jargon File, Version 4.0.0, 24 Jul 1996","N/A","74"
"Scientific American Supplement, No. 799, April 25, 1891","Various","74"
"Scientific American Supplement, No. 794, March 21, 1891","Various","74"
"Correlated courses in woodwork and mechanical drawing","Ira Samuel Griffith","74"
"Direct Conversion of Energy","William R. Corliss","74"
"Scientific American Supplement, No. 717,  September  28, 1889","Various","74"
"Der Vogelflug als Grundlage der Fliegekunst (German)","Otto Lilienthal","74"
"Signalling across space without wires","Sir Oliver Lodge","74"
"Transactions of the American Society of Civil Engineers, Vol. LXVIII, Sept. 1910","Charles W. Raymond","73"
"Appletons' Popular Science Monthly, January 1899","Various","73"
"Scientific American Supplement, No. 315,  January 14, 1882","Various","73"
"Pandora's Millions","George O. Smith","73"
"To Your Kitchen From Mine","Betty Newton","73"
"Masters of Space","Walter Kellogg Towers","73"
"How to Make Draperies","Singer Sewing Machine Company","73"
"Gas and Oil Engines, Simply Explained","Walter C. Runciman","73"
"Twentieth Century Inventions: A Forecast","George Sutherland","73"
"Textile Fabrics","Daniel Rock","73"
"Fulton's ""Steam Battery"": Blockship and Catamaran","Howard Irving Chapelle","73"
"Little Masterpieces of Science: Invention and Discovery","N/A","73"
"Popular Technology; or, Professions and Trades. Vol. 2 (of 2)","Edward Hazen","73"
"Appletons' Popular Science Monthly, December 1899","Various","73"
"Scientific American Supplement, No. 455, September 20, 1884","Various","73"
"Scientific American Supplement, No. 288, July 9, 1881","Various","73"
"Recent discussions on the abolition of patents for inventions in the United Kingdom, France, Germany, and the Netherlands :  Evidence, speeches, and papers in its favour","N/A","73"
"The Quarterly Journal of Science, Literature and the Arts, July-December, 1827","Various","73"
"Forty Centuries of Ink","David Nunes Carvalho","73"
"Trips in the Life of a Locomotive Engineer","Henry Dawson","72"
"The Story of the Atlantic Cable","Sir Charles Bright","72"
"The Ice Crop: How to Harvest, Store, Ship and Use Ice","Theron L. Hiles","72"
"The Curtiss Aviation Book","Glenn Hammond Curtiss and Augustus Post","72"
"Stories of Useful Inventions","S. E. Forman","72"
"Locomotive Engine Running and Management","Angus Sinclair","71"
"The Boys' Book of Model Aeroplanes","Francis A. Collins","71"
"Deeds Barn and the Self Starter","Anonymous","71"
"Darstellende Geometrie des Geländes (German)","Rudolf Rothe","71"
"Rubber Hand Stamps and the Manipulation of Rubber","T. O'Conor Sloane","71"
"Scientific American Supplement, No. 787, January 31, 1891","Various","71"
"Scientific American Supplement, No. 508, September 26, 1885","Various","71"
"Transactions of the American Society of Civil Engineers, Vol. LXX, Dec. 1910","J. A. Bensel","71"
"The construction and maintenance of earth roads","Richard Roswell Lyman","71"
"Appletons' Popular Science Monthly, February 1900","Various","70"
"Hawkins Electrical Guide v. 07 (of 10)","N. Hawkins","70"
"The Boy Inventors' Radio Telephone","Richard Bonner","70"
"The Flying Saucers are Real","Donald E. Keyhoe","70"
"Knott's pop-corn book","N/A","70"
"'Return Loads' to Increase Transport Resources by Avoiding Waste of Empty Vehicle Running.","United States. Council of National Defense. Highways Transport Committee","70"
"Tomato products: pulp, ketchup, and chili sauce.","National Canners Association, W. D. Bigelow, and A. E. Stevenson","70"
"Le Livre 010101, Tome 2 (1998-2003) (French)","Marie Lebert","69"
"Scientific American Supplement, No. 497, July 11, 1885","Various","69"
"Scientific American Supplement No. 822, October 3, 1891","Various","69"
"Scientific American Supplement, No. 362, December 9, 1882","Various","69"
"The Municipal and Sanitary Engineer's Handbook","H. Percy Boulnois","69"
"The Art of Inventing","Edwin J. Prindle","69"
"Appletons' Popular Science Monthly, October 1899","Various","69"
"The Steam Engine Familiarly Explained and Illustrated","Dionysius Lardner","69"
"Historic Inventions","Rupert Sargent Holland","68"
"Putnam's Automobile Handbook: The Care and Management of the Modern Motor-Car","H. Clifford Brokaw and Charles A. Starr","68"
"Wireless Possibilities","A. M. Low","68"
"Tunneling: A Practical Treatise.","Charles Prelini","68"
"The Telephone in America: Bell Telephone System","Anonymous","68"
"Emerson Radio Model 39 Warranty Card","Anonymous","68"
"Die Säge: Ein Rückblick auf vier Jahrtausende (German)","Franz M. Feldhaus","67"
"Catalogue of Practical and Scientific Books","Henry Carey Baird & Co.","67"
"Hardware, estimating, and mill design","N/A","67"
"The Automatic Toy Works","New York Automatic Toy Works","67"
"How to get an air job","Jack Byrne","67"
"The Stoker's Catechism","W. J. Connor","67"
"Engineering Bulletin No 1: Boiler and Furnace Testing","Rufus T. Strohm","67"
"Scientific American Supplement, No. 358, November 11, 1882","Various","67"
"Self-Help Mechanical Drawing: An Educational Treatise","N. Hawkins","67"
"Cotton Weaving and Designing","John T. Taylor","67"
"Scientific American Supplement, No. 299, September 24, 1881","Various","67"
"Concrete Construction for the Home and the Farm","Atlas Portland Cement Company","67"
"Scientific American Supplement, No. 829, November 21, 1891","Various","67"
"Catalogue of Practical & Scientific Books","Henry Carey Baird & Co.","66"
"A Manual of the Hand Lathe","Egbert P. Watson","66"
"Appletons' Popular Science Monthly, June 1899","Various","66"
"Hawkins Electrical Guide v. 05 (of 10)","N. Hawkins","66"
"Scientific American Supplement, No. 1157, March 5, 1898","Various","65"
"Ketchup: Methods of Manufacture; Microscopic Examination","K. G. Bitting and A. W. Bitting","65"
"Scientific American Supplement, No. 598, June 18, 1887","Various","65"
"Rock Blasting","George G. André","65"
"Tractor Principles","Roger B. Whitman","65"
"Synthetic Tannins, Their Synthesis, Industrial Production and Application","Georg Grasser","65"
"Sciopticon: Einführung in die Projections-Kunst (German)","Franz Paul Liesegang","65"
"Transactions of the American Society of Civil Engineers, Vol. LXX, Dec. 1910","Various","65"
"A Manual of Pyrotechny; or, A Familiar System of Recreative Fire-works","G. W. Mortimer","65"
"Installation and Operation Instructions For Custom Mark III CP Series Oil Fired Unit","Anonymous","65"
"Paper & paper making, ancient and modern","Richard Herring","65"
"Die Luftschiffahrt der Gegenwart (German)","Hermann Hoernes","64"
"Practical Graining, with Description of Colors Employed and Tools Used","William E. Wall","64"
"Steel :  a manual for steel users","William Metcalf","64"
"Werner von Siemens, der Begründer der modernen Elektrotechnik (German)","Artur Fürst","64"
"Photo-Lithography","Georg Fritz","64"
"Scientific American Supplement, No. 531, March 6, 1886","Various","64"
"The Daguerreian Journal, Vol. I, No. 8, March 1, 1851","Various","64"
"NorthWestNet User Services Internet Resource Guide (NUSIRG)","Jonathan Kochmer","64"
"Scientific American Supplement, No. 447, July 26, 1884","Various","64"
"The Tale of the Spinning Wheel","Elizabeth C. Barney Buel","64"
"Scientific American Supplement, No. 392, July 7, 1883","Various","63"
"Electric Gas Lighting: How to Install Electric Gas Ignition Apparatus","H. S. Norrie","63"
"Scientific American, Volume 17, No. 26 December 28, 1867","Various","63"
"The Atlantic Telegraph (1865)","Sir William Howard Russell","63"
"The Sewerage of Sea Coast Towns","Henry Charles Adams","63"
"The platinum metals","Arthur Douglas Lumb","63"
"A Project for Flying: In Earnest at Last!","Robert Hardley","63"
"Practical Pointers for Patentees","Franklin Allison Cresee","63"
"Furniture upholstery for schools","Emil Aldren Johnson","63"
"HomeBrew HomePages Put YOU on the World Wide Web","Anonymous","63"
"Pikku haltijoita (Finnish)","Harriet Beecher Stowe","62"
"How Two Boys Made Their Own Electrical Apparatus","Thomas M. St. John","62"
"Practical Rules for the Management of a Locomotive Engine","Charles Hutton Gregory","62"
"Improvement in Fire-Arms and in the Apparatus Used Therewith","Samuel Colt","62"
"The Daguerreian Journal, Vol. II, No. 2, June 1, 1851","Various","62"
"Stories of Invention, Told by Inventors and their Friends","Edward Everett Hale","62"
"Invention and Discovery: Curious Facts and Characteristic Sketches","Anonymous","62"
"Rules and Practice for Adjusting Watches","Walter J. Kleinlein","62"
"Hosiery Manufacture","M.A. William Davis","62"
"A Fortran Program for Elastic Scattering Analyses with the Nuclear Optical Model","Michel A. Melkanoff, David S. Saxon, John S. Nodvik, and David G. Cantor","62"
"Patent Laws of the Republic of Hawaii","Hawaii","62"
"Scientific American Supplement, No. 586, March 26, 1887","Various","62"
"Instruction book on ring spinning","Francis L. Lincoln","62"
"Famous Days in the Century of Invention","Gertrude L. Stone and M. Grace Fickett","62"
"Tappet and Dobby Looms: Their Mechanism and Management","Thomas Roberts","62"
"The American Journal of Photography, Vol. XI, No. 7, July 1890","Various","61"
"The Theory and Practice of Brewing","Michael Combrune","61"
"Appletons' Popular Science Monthly, January 1900","Various","61"
"Practical Methods of Sewage Disposal for Residences, Hotels and Institutions","Henry N. Ogden and H. Burdett Cleveland","61"
"Scientific American Supplement, No. 481, March 21, 1885","Various","61"
"Scientific American Supplement, No. 363, December 16, 1882","Various","61"
"L'A. B. C. de l'aviation: Biplans et monoplans (French)","Louis Gastine","60"
"The Puering, Bating & Drenching of Skins","Joseph Turney Wood","60"
"Scientific American Supplement, No. 832,  December 12, 1891","Various","60"
"The Romance of Rubber","United States Rubber Company","60"
"Essay on art and photography","A. V. Sutton","60"
"Aviation Book","Haywood Leslie Davis","60"
"Natural & Artificial Sewage Treatment","Alfred Stowell Jones and H. Alfred Roechling","60"
"The Rural Motor Express","United States. Council of National Defense. Highways Transport Committee","60"
"Model Aeroplanes and Their Engines: A Practical Book for Beginners","George Anthony Cavanagh","60"
"The Oak Ridge ALGOL Compiler for the Control Data Corporation 1604","L. L. Bumgarner","59"
"Lichtbild- und Kino-Technik (German)","Franz Paul Liesegang","59"
"Satellite Communications Physics","N/A","59"
"Die Akkumulatoren: ihre Theorie, Herstellung, Behandlung und Verwendung. (German)","Willibald Bermbach","59"
"The Popular Science Monthly, July, 1900","Various","59"
"Scientific American Supplement, No. 417, December 29, 1883","Various","59"
"Petit bréviaire de la Gourmandise (French)","Laurent Tailhade","59"
"Die Casting: Dies—Machines—Methods","Chester L. Lucas","59"
"Jacquard Machines: Instruction Paper","H. William Nelson","58"
"Plain Concrete for Farm Use","T. A. H. Miller","58"
"The Story of the Atlantic Telegraph","Henry M. Field","58"
"Material Classification","United States. Railroad administration. Division of finance","58"
"Outspinning the Spider: The Story of Wire and Wire Rope","John Kimberly Mumford","58"
"Zenith Television Receiver Operating Manual","Anonymous","58"
"C.A. Coey's School of Motoring, 1424-26 Michigan Ave. Chicago","Charles Andrew Coey","58"
"Scientific American Supplement, No. 601, July 9, 1887","Various","57"
"The Popular Science Monthly, September, 1900","Various","57"
"Pneumatic conveying","Ernest George Phillips","57"
"The Train Wire: A Discussion of the Science of Train Dispatching","John Alexander Anderson","57"
"The American Electro Magnetic Telegraph","Alfred Vail","57"
"Lecture on Artificial Flight","William G. Krueger","57"
"Scientific American Supplement, No. 470, January 3, 1885","Various","57"
"Keeping Down the Cost of Your Woodwork","Curtis Companies","57"
"Hoisting Appliances","International Correspondence Schools","57"
"Careers in Atomic Energy","Loyce J. McIlhenny","57"
"American Horological Journal, Vol. I, No. 1, July 1869: Devoted to Pratical Horology","N/A","57"
"A Short List of Scientific Books Published by E. & F. N. Spon, Limited. June 1913","E. & F. N. Spon","57"
"Benjamin Franklin and the First Balloons","Benjamin Franklin","57"
"Scientific American Supplement, No. 611, September 17, 1887","Various","56"
"The Popular Science Monthly, August, 1900","Various","56"
"Gas Burners Old and New","Owen Merriman","56"
"Le Livre 010101, Tome 1 (1993-1998) (French)","Marie Lebert","56"
"De l'imprimé à Internet (French)","Marie Lebert","56"
"Scientific American Supplement, No. 810, July 11, 1891","Various","56"
"Scientific American Supplement, No. 275, April 9, 1881","Various","56"
"Appletons' Popular Science Monthly, August 1899","Various","56"
"Scientific American Supplement, No. 648, June 2, 1888.","Various","56"
"How Paper Boxes Are Made","Robert F. Salade","55"
"The Science of Brickmaking","George Frederick Harris","55"
"Scientific American Supplement, No. 1178, June 25, 1898","Various","55"
"Scientific American Supplement, No. 595, May 28, 1887","Various","55"
"Glass Manufacture","Walter Rosenhain","55"
"Nouveau moyen de préparer la couche sensible des plaques destinées à recevoir les images photographiques (French)","Louis Jacques Mandé Daguerre","55"
"Scientific American Supplement, No. 421,  January 26, 1884","Various","55"
"The Gasoline Motor","Harold Whiting Slauson","55"
"Scientific American Supplement, No. 312, December 24, 1881","Various","54"
"A Description of a New-Invented Stove-Grate","J. Durno","54"
"The Popular Science Monthly, June, 1900","Various","54"
"Bromoil printing and bromoil transfer","Emil Mayer","54"
"Transactions of the American Society of Civil Engineers, vol. LXVIII, Sept. 1910, Start/End Papers","Various","54"
"Vacuum cleaning systems :  A treatise on the principles and practice of mechanical cleaning","M. S. Cooley","53"
"Bangerter's Inventions; His Marvelous Time Clock","N/A","53"
"Bamboo, Considered as a Paper-making Material","Thomas Routledge","53"
"Scientific American, September 29, 1883 Supplement. No. 404","Various","53"
"Scientific American Supplement, No. 530, February 27, 1886","Various","53"
"A Practical Manual of the Collodion Process, Giving in Detail a Method For Producing Positive and Negative Pictures on Glass and Paper.","S. D. Humphrey","52"
"Scaffolding :  a treatise on the design & erection of scaffolds, gantries, and stagings, with an account of the appliances used in connection therewith for the use of contractors, builders, clerks of works, etc., with a chapter on the legal aspect of the question","A. G. H. Thatcher","52"
"Linotype mechanism","Alvin Garfield Swank and Raymond Means","52"
"The Fifteen Watt Tungsten Lamp","Clair Elmore Anderson","51"
"Great Western Railway Instructions","William Wylie Grierson","51"
"The Manufacture of Tomato Products","W. G. Hier","51"
"Transient","William Harris","51"
"Le multilinguisme sur le Web (French)","Marie Lebert","51"
"Transactions of the American Society of Civil Engineers, vol. LXX, Dec. 1910","Eugene Klapp","51"
"The Economy of Workshop Manipulation","John Richards","51"
"Appletons' Popular Science Monthly, September 1899","Various","51"
"Design of a Steel Railroad Warehouse","Louis Liston Tallyn","51"
"The Engineering Contributions of Wendel Bollman","Robert M. Vogel","51"
"The Aviator and the Weather Bureau","Ford A. Carpenter","51"
"Cotton Manufacturing","Christopher Parkinson Brooks","50"
"Water Power for the Farm and Country Home","David R. Cooper","50"
"The Library of Work and Play: Electricity and Its Everyday Uses","John F. Woodhull","50"
"Scientific American Supplement, No. 324, March 18, 1882","Various","50"
"The Problem of Manflight","James Means","50"
"Ditching Procedure, B-29s with Four-Gun Turret","United States. Army Air Forces","49"
"Descriptive Pamphlet of the Richmond Mill Furnishing Works","Richmond Mill Furnishing Works","49"
"Delco Radio Owner's Manual Model 633; Delcotron Generator Installation","Delco-Remy Corporation","49"
"Address by Honorable Franklin K. Lane, Secretary of the Interior at Conference of Regional Chairmen of the Highways Transport Committee Council of National Defense","United States. Council of National Defense. Highways Transport Committee","49"
"The Century of Inventions of the Marquis of Worcester","Marquis of Edward Somerset Worcester","49"
"Scientific American Supplement, No. 492, June 6, 1885","Various","49"
"Scientific American Supplement, No. 620,  November 19,1887","Various","48"
"The telephone :  a lecture entitled Researches in electric telephony","Alexander Graham Bell","48"
"Scientific American Supplement, No. 430, March 29, 1884","Various","48"
"The Art of Lead Burning","C. H. Fay","48"
"Appletons' Popular Science Monthly, May, 1900","Various","48"
"The Thompson-Houston System of Electric Lighting","H. T. Cory","48"
"Lace Curtain Cleaning: A Successful Home Business","Sarah Ann Leigh","47"
"""Undo"": A Novel","Joe Hutsko","47"
"Booknología: El libro digital (1971-2010) (Spanish)","Marie Lebert","47"
"Return-Loads Bureaus to Save Waste in Transportation","United States. Council of National Defense. Highways Transport Committee","46"
"Appletons' Popular Science Monthly, May 1899","Various","46"
"Appletons' Popular Science Monthly, November 1899","Various","46"
"Report of the Hoosac Tunnel and Troy and Greenfield Railroad, by the Joint Standing Committee of 1866.","Tappan Wentworth","46"
"Scientific American Supplement, No. 803, May 23, 1891","Various","45"
"Scientific American Supplement, No. 303, October 22, 1881","Various","45"
"Le Circuit de l'Est [programme] (French)","Commune de Amiens/Nancy","44"
"Entrevistas (1998-2001) (Spanish)","Marie Lebert","44"
"Scientific American Supplement, No. 613, October 1, 1887","Various","43"
"Report of the Several Works Connected with the Draining, Paving & Lighting the Parish of Saint Mary Abbotts, Kensington, 1856","James Broadbridge","43"
"Something about sugar :  Its history, growth, manufacture and distribution","George M. Rolph","43"
"Scientific American Supplement, No. 441, June 14, 1884.","Various","42"
"Big Ben Clock Tower of Westminster","N/A","42"
"The Drama of Glass","Kate Field","42"
"Pulp and Paper Magazine, Vol. XIII, No. 20, October 15, 1916","Various","41"
"Airplane Boys at Platinum River","E. J. Craine","41"
"Natural Stability and the Parachute Principle in Aeroplanes","W. LeMaitre","40"
"Automobiel-rijden (Dutch)","Tom Schilperoort","39"
"Report on the Plans of the Various Railways before the Examiners of the House of Commons, 1864, so far as relates to the Parish of Kensington","James Broadbridge","39"
"Lightning Rod Conference","N/A","39"
"Scientific American Supplement, No. 385, May 19, 1883","Various","39"
"Things to Know About Trade-Marks: A Manual of Trade-Mark Information","J. Walter Thompson Company","38"
"Wireless Transmission of Photographs","Marcus J. Martin","37"
"The Journal of Electricity, Power and Gas, Volume XX, No. 18, May 2, 1908","Various","35"
"Electricity and Progress","Thomas A. Edison","34"
"Transactions of the American Society of Civil Engineers, vol. LXX, Dec. 1910","John Howell Griffith","33"
"Specifications for street roadway pavements","Samuel Whinery","32"
"Central-Station Electric Lighting","Killingworth Hedges","32"
"El Presidente Díaz al Señor Edison (Spanish)","Porfirio Díaz","30"
"Plaque No. 1","Losey's Orchestra","30"
"The Dry Collodion Process","Charles A. Long","29"
"The Art of Graining: How Acquired and How Produced.","Charles Pickert and A. Metcalf","29"
"On the relation which ought to subsist between the strength of an electric current and the diameter of conductors, to prevent overheating","George Forbes","27"
"Discussion on Edison's Monoid Theory","Theodore M. Edison","27"
"The Birth of the Telephone","Thomas Augustus Watson","21"
"Plaque No. 2","Losey's Orchestra","20"
"Plaque No. 6","Losey's Orchestra","20"
"Transcontinental Telephone Address to Thomas A. Edison","Miller Reese Hutchinson","19"
"To Edison from Colonel Gouraud, Introducing Mr. Gladstone","N/A","15"
"Remarks from a Visit to Edison Laboratory","Josephus Daniels","12"
"Words of Welcome","Garret A. Hobart","11"
"Remarks from a Visit to Edison Laboratory","Nelson Appleton Miles","11"
